ID mosta,Trieda PK,Číslo PK,Most /DC,Názov mosta,ID DC,správcovské číslo,Stavebno-technický stav,Longitude,Latitude,Vyska,Druh konštrukcie,Material,Normána zaťažiteľnost / t,Výhradná zaťažiteľnosť / t,Výnimočná zaťažiteľnosť / t,Spôsob stanovenia,Predmet premostenia,Rok postavenia,Zaťažovacia trieda STN,Počet otvorov,Dĺžka premostenia / m,Dĺžka nosnej konštrukcie / m,Volná šírka mosta/ m,Šírka medzi obrubami/ m,Pocha mosnej konštrukcie / m2,Plocha mosta / m2,Vlastník mostu,Správca mostu,Okres,Smer úseku,Typ úseku,Počiatočný uzol,Koncový uzol,úsek ID,úsekové staničenie začiatku DC / m,Kilometrovníkové staničenie začiatku DC / km,Kumulatívne staničenie začiatku DC / km,Poradie,Vlastník úseku,Správca úseku,Unnamed: 41,Unnamed: 42,Unnamed: 43,Unnamed: 44,Unnamed: 45,Unnamed: 46,Unnamed: 47,Unnamed: 48,Unnamed: 49,Unnamed: 50,Unnamed: 51,Unnamed: 52,Unnamed: 53,Unnamed: 54
M5938,cesta I. triedy,15,Most,15_004 Most cez kanál v obci Sedliská,M5938,4,Veľmi zlý,21.7298496960,48.9069227160,129.092,dosková,monolitický železobetón,18.0,36.0,196.0,porovnávací výpočet,Kanál,1930,,1,2.2,,8.14,7.6,,,,,,,,,,,,,,,,,,,,,,,,,,,,,,
,cesta I. triedy,15,Dilatačný celok,,,,,,,,,,,,,,,,,,,,,,,,Štát,Slovenská správa ciest - IVSC Košice,Vranov nad Topľou,oba smery trasy CK,medzikrižovatkový,3812A33600,3812A33800,403861,357,5,231,5,188,17,STAT,SSC - IVSC KE,,,,,,,,,,,,
M9914,cesta I. triedy,2,Most,NÁJAZD Z DOLNOZEMSKEJ CESTY NA EINSTEINOVU UL.  (ponad cestu na Apollo),M9914,M 161,Dobrý,17.1299000000,48.1313300000,,trámová,monolitický predpätý betón,24.0,69.0,168.0,statický výpočet,Cestná komunikácia,2006,,8,269.2,,9.0,9.0,,,,,,,,,,,,,,,,,,,,,,,,,,,,,,
,cesta I. triedy,2,Dilatačný celok,,,,,,,,,,,,,,,,,,,,,,,,Bratislava,Magistrát hl. m. SR Bratislavy,Bratislava V,neaplikovateľný, nepoužiteľný,vetva,4424A00507,4424A00504,20898,153,,,389,BA  ,MAG-BA,,,,,,,,,,,,,
M9577,cesta I. triedy,20,Most,Most cez miestny potok za obcou Drienovska Nová Ves,M9577,68 -061,Uspokojivý,21.2460300000,48.8864200000,306.0,iná,monolitický železobetón,8.0,24.0,187.0,,Záplavové územie,1943,,1,4,,9.5,9.5,,,,,,,,,,,,,,,,,,,,,,,,,,,,,,
,cesta I. triedy,20,Dilatačný celok,,,,,,,,,,,,,,,,,,,,,,,,Štát,Slovenská správa ciest - IVSC Košice,Prešov,oba smery trasy CK,medzikrižovatkový,3722A44200,3722A44100,455377,860,12,250,20,843,125,STAT,SSC - IVSC KE,,,,,,,,,,,,
M10173,cesta I. triedy,35,Most,35_001 Most cez potok Derňa,M10173,1,Uspokojivý,17.7510300000,48.1964000000,122.99,trámová,prefabrikovaný predpätý betón,32.0,80.0,196.0,projektovaná,Vodný tok,2012,A,1,28.74,30.4,11.5,11.5,386.08,349.6,,,,,,,,,,,,,,,,,,,,,,,,,,,,
,cesta I. triedy,35,Dilatačný celok,,,,,,,,,,,,,,,,,,,,,,,,Štát,Slovenská správa ciest - IVSC Bratislava,Galanta,oba smery trasy CK,medzikrižovatkový,4512A06412,4512A37805,578057,517,0,547,0,517,3,STAT,SSC - IVSC BA,,,,,,,,,,,,
M8551,cesta I. triedy,57,Most,57_108 Most cez Sidonský potok v osade Vlársky priesmyk,M8551,108,Veľmi dobrý,18.0549050000,49.0319150000,280.0,dosková,monolitický železobetón,30.0,54.0,243.0,,Vodný tok,1946,,1,6,,10.9,,9.8,,,,,,,,,,,,,,,,,,,,,,,,,,,,,
,cesta I. triedy,57,Dilatačný celok,,,,,,,,,,,,,,,,,,,,,,,,Štát,Slovenská správa ciest - IVSC Žilina,Trenčín,oba smery trasy CK,medzikrižovatkový,2543A00400,2543B00300,8402,0,140,806,0,0,1,STAT,CU,,,,,,,,,,,,
M10172,cesta I. triedy,59,Most,59-063 most cez poľnú cestu,M10172,63,Bezchybný,19.3046900000,49.0898400000,497.0,trámová,spriahnutá betón-betón,32.0,90.0,300.0,statický výpočet,Účelová komunikácia,2022,"LM1, LM2, LM3",1,16.8,19.2,10.5,10.9,238.08,216.72,,,,,,,,,,,,,,,,,,,,,,,,,,,,
,cesta I. triedy,59,Dilatačný celok,,,,,,,,,,,,,,,,,,,,,,,,Štát,Slovenská správa ciest - IVSC Žilina,Ružomberok,oba smery trasy CK,medzikrižovatkový,2634A01701,2634A01603,2838,124,54,294,51,26,147,STAT,SSC - IVSC ZA,,,,,,,,,,,,
M10174,cesta I. triedy,64,Most,Most na ceste I/64 v križovatke Šindolka,M10174,,Bezchybný,18.0774200000,48.3328900000,155.5,trámová,prefabrikovaný predpätý betón,32.0,164.0,339.0,projektovaná,Miestna komunikácia,2021,,1,19.3,21.6,12.75,12.75,632.88,540.4,,,,,,,,,,,,,,,,,,,,,,,,,,,,
,cesta I. triedy,64,Dilatačný celok,,,,,,,,,,,,,,,,,,,,,,,,Štát,Slovenská správa ciest - IVSC Bratislava,Nitra,v smere trasy CK,medzikrižovatkový,4521A08306,4521A17911,1311068,267,69,473,68,311,393,STAT,SSC - IVSC BA,,,,,,,,,,,,
M172,cesta I. triedy,64,Most,064059-001 most cez potok Dršna za mestom Topoľčany,M172,1,Uspokojivý,18.1975336960,48.5602008650,169.220749,dosková,monolitický železobetón,22.0,46.0,200.0,porovnávací výpočet,Iná prekážka,1954,,1,11.45,,9.6,8.4,,,,,,,,,,,,,,,,,,,,,,,,,,,,,,
,cesta I. triedy,64,Dilatačný celok,,,,,,,,,,,,,,,,,,,,,,,,Nitriansky samosprávny kraj,Regionálna správa a údržba ciest Nitra, a.s. - Stredisko správy a údržby Nitra,Topoľčany,oba smery trasy CK,medzikrižovatkový,3541A24200,3541A09000,427988,232,101,652,98,257,590,NR SK,RSUC NR - NR,,,,,,,,,,,
M3822,cesta I. triedy,64,Most,64_115 Most cez potok Bytčica v obci Bytčica,M3822,115,Veľmi zlý,18.7337953990,49.1857302280,361.5635,klenbová,kameň,7.0,20.0,74.0,podľa tabuliek,Vodný tok,1890,,1,3.9,,10.85,10.5,,,,,,,,,,,,,,,,,,,,,,,,,,,,,,
,cesta I. triedy,64,Dilatačný celok,,,,,,,,,,,,,,,,,,,,,,,,Štát,Slovenská správa ciest - IVSC Žilina,Žilina,oba smery trasy CK,medzikrižovatkový,2633A41900,2633A42000,402163,40,198,962,195,759,941,STAT,SSC - IVSC ZA,,,,,,,,,,,,
M10215,cesta I. triedy,66,Most,66-089_Most nad MK pri obci Brusno,M10215,89,Bezchybný,19.3879100000,48.8018900000,6.5,trámová,prefabrikovaný predpätý betón,46.0,156.0,582.0,statický výpočet,Miestna komunikácia,2022,"STN EN 1991, LM1, LM2, LM3-3000/240",1,8.0,9.0,25.0,10,5,10,5,111,98,4,Štát,Slovenská správa ciest - IVSC Banská Bystrica,Banská Bystrica,oba smery trasy CK,medzikrižovatkový,3623A05700,3623A00901,280272,716,109,510,94,7,311,STAT,SSC - IVSC BB,,,,,,,,
,cesta I. triedy,66,Dilatačný celok,,,,,,,,,,,,,,,,,,,,,,,,Štát,Slovenská správa ciest - IVSC Banská Bystrica,Banská Bystrica,oba smery trasy CK,medzikrižovatkový,3623A05700,3623A00901,280272,716,109,510,94,7,311,STAT,SSC - IVSC BB,,,,,,,,,,,,
M10219,cesta I. triedy,66,Most,66-097_Most cez zrážkový potok v obci Podbrezová-Lopej,M10219,97,Dobrý,19.5054500000,48.8161800000,2.83,rámová,monolitický železobetón,32.0,90.0,300.0,statický výpočet,Vodný tok,2022,"LM1, LM2, LM3",,,1,2,517.0,3.0,2.0,9,5,9,5,63,8,32,63,Štát,Slovenská správa ciest - IVSC Banská Bystrica,Brezno,oba smery trasy CK,medzikrižovatkový,3623A20700,3623A20900,489126,21,119,266,103,731,332,STAT,SSC - IVSC BB,,,,
,cesta I. triedy,66,Dilatačný celok,,,,,,,,,,,,,,,,,,,,,,,,Štát,Slovenská správa ciest - IVSC Banská Bystrica,Brezno,oba smery trasy CK,medzikrižovatkový,3623A20700,3623A20900,489126,21,119,266,103,731,332,STAT,SSC - IVSC BB,,,,,,,,,,,,
M639,cesta I. triedy,66A,Most,66A- 056 Most cez Červený potok za obcou Matejovce,M639,56,Zlý,20.3387670880,49.0948756240,652.608999,trámová,monolitický železobetón,18.0,24.0,70.0,porovnávací výpočet,"Vodný tok, Kanál",1935,,1,7,,8,5.0,8.0,2.0,,,Štát,Slovenská správa ciest - IVSC Košice,Kežmarok,oba smery trasy CK,medzikrižovatkový,2734A38400,2734A38300,1471681,14,93,587,2,943,25,STAT,SSC - IVSC KE,,,,,,,,,,
,cesta I. triedy,66A,Dilatačný celok,,,,,,,,,,,,,,,  ,,,,,,,,,,Štát,Slovenská správa ciest - IVSC Košice,Kežmarok,oba smery trasy CK,medzikrižovatkový,2734A38400,2734A38300,1471681,14,93,587,2,943,25,STAT,SSC - IVSC KE,,,,,,,,,,,
M10216,cesta I. triedy,72,Most,72-045_Most cez Hron v Brezne,M10216,45,Bezchybný,19.6463900000,48.8060100000,4.64,rámová,prefabrikovaný predpätý betón,32.0,90.0,300.0,statický výpočet,Vodný tok,2023,"LM1, LM2, LM3, LM4",,,1,21.0,24.0,24.0,12,5,8,306,64,273,Štát,Slovenská správa ciest - IVSC Banská Bystrica,Brezno,oba smery trasy CK,medzikrižovatkový,3623A29100,3623A26501,1036060,24,64,103,63,652,155,STAT,SSC - IVSC BB,,,,,,,
,cesta I. triedy,72,Dilatačný celok,,,,,,,,,,,,,,,,,,,,,,,,Štát,Slovenská správa ciest - IVSC Banská Bystrica,Brezno,oba smery trasy CK,medzikrižovatkový,3623A29100,3623A26501,1036060,24,64,103,63,652,155,STAT,SSC - IVSC BB,,,,,,,,,,,,
M5432,cesta I. triedy,72,Most,72_073 Most cez Rybací potok v k.ú. Nižná Boca,M5432,73,Havarijný,19.7766106460,48.9703381930,774.977499,dosková,monolitický železobetón,4.0,12.0,49.0,podľa tabuliek,Vodný tok,1938,,1,2,9,,7.0,2.0,,,,Štát,Slovenská správa ciest - IVSC Žilina,Liptovský Mikuláš,oba smery trasy CK,medzikrižovatkový,3622A01800,3622A01900,211233,1546,96,948,96,593,214,STAT,SSC - IVSC ZA,,,,,,,,,,
,cesta I. triedy,72,Dilatačný celok,,,,,,,,,,,,,,,,,,,,,,,,Štát,Slovenská správa ciest - IVSC Žilina,Liptovský Mikuláš,oba smery trasy CK,medzikrižovatkový,3622A01800,3622A01900,211233,1546,96,948,96,593,214,STAT,SSC - IVSC ZA,,,,,,,,,,,,
M7273,cesta I. triedy,77,Most,77-011 Most cez potok za obcou Podolínec,M7273,11,Bezchybný,20.5533894300,49.2706154440,568.195999,klenbová,oceľ -  plnostenná,50.0,130.0,420.0,statický výpočet,Miestna komunikácia,1963,,1,1,966,3,9.0,5.0,9.0,5,,,Štát,Slovenská správa ciest - IVSC Košice,Stará Ľubovňa,oba smery trasy CK,medzikrižovatkový,2732A11300,2732A03200,220842,1125,12,123,12,103,37,STAT,SSC - IVSC KE,,,,,,,,,
,cesta I. triedy,77,Dilatačný celok,,,,,,,,,,,,,,,,,,,,,,,,Štát,Slovenská správa ciest - IVSC Košice,Stará Ľubovňa,oba smery trasy CK,medzikrižovatkový,2732A11300,2732A03200,220842,1125,12,123,12,103,37,STAT,SSC - IVSC KE,,,,,,,,,,,,
M1872,cesta I. triedy,77,Most,77_040 Most cez miestny potok v obci Gerlachov,M1872,40,Dobrý,21.1085035950,49.3205157910,358.149999,dosková,monolitický železobetón,22.0,32.0,280.0,podľa tabuliek,Vodný tok,1937,,1,3,1,,8.0,7.0,,,Štát,Slovenská správa ciest - IVSC Košice,Bardejov,oba smery trasy CK,medzikrižovatkový,2742A06700,2742A06800,320663,118,48,275,48,228,96,STAT,SSC - IVSC KE,,,,,,,,,,,
,cesta I. triedy,77,Dilatačný celok,,,,,,,,,,,,,,,,,,,,,,,,Štát,Slovenská správa ciest - IVSC Košice,Bardejov,oba smery trasy CK,medzikrižovatkový,2742A06700,2742A06800,320663,118,48,275,48,228,96,STAT,SSC - IVSC KE,,,,,,,,,,,,
M10183,cesta II. triedy,562,Most,Most nad R1 v km 45,M10183,3,Uspokojivý,18.0703400000,48.2856600000,228.23,trámová,monolitický predpätý betón,32.0,80.0,196.0,projektovaná,Cestná komunikácia,2011,STN  trieda A,4,72,75,8.0,5.0,8.0,5,918,75,882,Nitriansky samosprávny kraj,Regionálna správa a údržba ciest Nitra, a.s. - Stredisko správy a údržby Nitra,Nitra,oba smery trasy CK,medzikrižovatkový,4521A46900,4521A08805,510057,88,1,544,1,408,17,NR SK,RSUC NR - NR,,,,,,,,
,cesta II. triedy,562,Dilatačný celok,,,,,,,,,,,,,,,,,,,,,,,,Nitriansky samosprávny kraj,Regionálna správa a údržba ciest Nitra, a.s. - Stredisko správy a údržby Nitra,Nitra,oba smery trasy CK,medzikrižovatkový,4521A46900,4521A08805,510057,88,1,544,1,408,17,NR SK,RSUC NR - NR,,,,,,,,,,,
M10201,cesta II. triedy,583,Most,Most MO 583-023 ponad tok Demkovský v k.ú. obce Zázrivá,M10201,23,Dobrý,19.1186400000,49.2673300000,3.1,dosková,monolitický železobetón,20.0,40.0,350.0,(neznámy),Vodný tok,1948,,1,3,4,7,2.0,7.0,2.0,,,Žilinský samosprávny kraj,Správa ciest Žilinského samosprávneho kraja, závod Orava,Dolný Kubín,oba smery trasy CK,medzikrižovatkový,2632A17800,2632A17900,341795,30,31,319,31,116,123,ZA SK,SC ŽSK - ORA,,,,,,,,,
,cesta II. triedy,583,Dilatačný celok,,,,,,,,,,,,,,,,,,,,,,,,Žilinský samosprávny kraj,Správa ciest Žilinského samosprávneho kraja, závod Orava,Dolný Kubín,oba smery trasy CK,medzikrižovatkový,2632A17800,2632A17900,341795,30,31,319,31,116,123,ZA SK,SC ŽSK - ORA,,,,,,,,,,,
M10179,cesta III. triedy,1267,Most,Cestný nadjazd - žst. Veľké Kostoľany,M10179,,Veľmi zlý,17.7724200000,48.5056500000,,iná,prefabrikovaný predpätý betón,0.0,0.0,0.0,zaťažovacou skúškou,"Železnica, Účelová komunikácia",2007,Zaťažovacia trieda “A” - STN 73 6203,4,108,278,109,278.0,9.0,4.0,7,8,,829,Madunice,Správa a údržba ciest Trnavského samosprávneho kraja - oblasť Trnava,Piešťany,oba smery trasy CK,medzikrižovatkový,3534A04200,3534B01400,1006,104,4,86,4,52,6,TT SK,SUC TTSK - TT,,,,,,,,
,cesta III. triedy,1267,Dilatačný celok,,,,,,,,,,,,,,,  ,,,,,,,,,,Madunice,Správa a údržba ciest Trnavského samosprávneho kraja - oblasť Trnava,Piešťany,oba smery trasy CK,medzikrižovatkový,3534A04200,3534B01400,1006,104,4,86,4,52,6,TT SK,SUC TTSK - TT,,,,,,,,,,,
M10179,cesta III. triedy,1267,Most,Cestný nadjazd - žst. Veľké Kostoľany,M10179,,Veľmi zlý,17.7724200000,48.5056500000,,iná,prefabrikovaný predpätý betón,0.0,0.0,0.0,zaťažovacou skúškou,"Železnica, Účelová komunikácia",2007,Zaťažovacia trieda “A” - STN 73 6203,4,108,278,109,278.0,9.0,4.0,7,8,,829,Madunice,Správa a údržba ciest Trnavského samosprávneho kraja - oblasť Trnava,Hlohovec,oba smery trasy CK,medzikrižovatkový,3534B01400,3534A01000,1007,0,4,172,4,138,7,TT SK,SUC TTSK - TT,,,,,,,,
,cesta III. triedy,1267,Dilatačný celok,,,,,,,,,,,,,,,,,,,,,,,,,Madunice,Správa a údržba ciest Trnavského samosprávneho kraja - oblasť Trnava,Hlohovec,oba smery trasy CK,medzikrižovatkový,3534B01400,3534A01000,1007,0,4,172,4,138,7,TT SK,SUC TTSK - TT,,,,,,,,,,,
M10176,cesta III. triedy,1279,Most,cestný nadjazd nad traťou ŽSR,M10176,,Uspokojivý,17.6315300000,48.3728600000,,iná,prefabrikovaný predpätý betón,32.0,80.0,196.0,projektovaná,Železnica,2006,STN 73 6203 zať. trieda A,3,52,35,56,99.0,10.0,6.0,7,5,,,Železnice Slovenskej republiky,Správa a údržba ciest Trnavského samosprávneho kraja - oblasť Trnava,Trnava,oba smery trasy CK,medzikrižovatkový,3533A32500,3533A32600,674884,154,3,95,3,329,47,TT SK,SUC TTSK - TT,,,,,,,,
,cesta III. triedy,1279,Dilatačný celok,,,001a,,,,,,,,,,,,,,,,,,,,,Železnice Slovenskej republiky,Správa a údržba ciest Trnavského samosprávneho kraja - oblasť Trnava,Trnava,oba smery trasy CK,medzikrižovatkový,3533A32500,3533A32600,674884,154,3,95,3,329,47,TT SK,SUC TTSK - TT,,,,,,,,,,,,
M10186,cesta III. triedy,1626,Most,Most nad R1 v km 74,M10186,,Uspokojivý,18.4248000000,48.3430100000,247.99,dosková,monolitický železobetón,32.0,80.0,196.0,projektovaná,Cestná komunikácia,2011,A,4,51,6,54.0,4.0,7.0,5,7,5,544,541,8,Nitriansky samosprávny kraj,Regionálna správa a údržba ciest Nitra, a.s. - Stredisko správy a údržby Nitra,Zlaté Moravce,oba smery trasy CK,medzikrižovatkový,3544A39800,4522A04200,1366705,662,5,105,5,83,28,NR SK,RSUC NR - NR,,,,,,
,cesta III. triedy,1626,Dilatačný celok,,,,,,,,,,,,,,,,,,,,,,,Nitriansky samosprávny kraj,Regionálna správa a údržba ciest Nitra, a.s. - Stredisko správy a údržby Nitra,Zlaté Moravce,oba smery trasy CK,medzikrižovatkový,3544A39800,4522A04200,1366705,662,5,105,5,83,28,NR SK,RSUC NR - NR,,,,,,,,,,,,
M10184,cesta III. triedy,1669,Most,Most nad R1 v km 58,M10184,3,Uspokojivý,18.2314500000,48.3385100000,252.24,dosková,monolitický predpätý betón,32.0,80.0,196.0,projektovaná,Cestná komunikácia,2010,A,5,95,8,99.0,4.0,10.0,6,7,56,1033,76,785,26,Nitriansky samosprávny kraj,Regionálna správa a údržba ciest Nitra, a.s. - Stredisko správy a údržby Nitra,Nitra,oba smery trasy CK,medzikrižovatkový,4521A04200,4521A09200,94584,20,,4,925,16,NR SK,RSUC NR - NR,,,,,,
,cesta III. triedy,1669,Dilatačný celok,,,003a,,,,,,,,,,,,,,,,,,,,Nitriansky samosprávny kraj,Regionálna správa a údržba ciest Nitra, a.s. - Stredisko správy a údržby Nitra,Nitra,oba smery trasy CK,medzikrižovatkový,4521A04200,4521A09200,94584,20,,4,925,16,NR SK,RSUC NR - NR,,,,,,,,,,,,,
M10185,cesta III. triedy,1669,Most,Most nad R1 v km 61,M10185,,Dobrý,18.2693400000,48.3334700000,216.02,dosková,monolitický predpätý betón,32.0,80.0,196.0,statický výpočet,"Cestná komunikácia, Vodný tok",2011,"Zaťažovacia trieda (STN), model (EC): ""A""",7,160,252,164.0,1.0,7.0,5,7,5,1641,1682,646,Nitriansky samosprávny kraj,Regionálna správa a údržba ciest Nitra, a.s. - Stredisko správy a údržby Nitra,Zlaté Moravce,oba smery trasy CK,lúč,4521A09011,4521A09012,1218356,125,,7,897,20,NR SK,RSUC NR - NR,,,,,,,
,cesta III. triedy,1669,Dilatačný celok,,,,,,,,,,,,,,,  ,,,,,,,,,,Nitriansky samosprávny kraj,Regionálna správa a údržba ciest Nitra, a.s. - Stredisko správy a údržby Nitra,Zlaté Moravce,oba smery trasy CK,lúč,4521A09011,4521A09012,1218356,125,,7,897,20,NR SK,RSUC NR - NR,,,,,,,,,,,
M4075,cesta III. triedy,1944,Most,Most v obci Ladce,M4075,5,Bezchybný,18.2945261690,49.0356529630,251.833499,dosková,monolitický železobetón,24.0,44.0,339.0,odhadom,Vodný tok,1947,,1,3,3,,8.0,14.0,7.0,44,,,Trenčiansky samosprávny kraj,Správa ciest Trenčianskeho samosprávneho kraja - Stredisko údržby Považská Bystrica,Ilava,oba smery trasy CK,medzikrižovatkový,2543A05503,2543A40800,1421133,6,,6,126,38,TN SK,SC TN SK - PB,,,,,,,,,,
,cesta III. triedy,1944,Dilatačný celok,,,,,,,,,,,,,,,,,,,,,,,,Trenčiansky samosprávny kraj,Správa ciest Trenčianskeho samosprávneho kraja - Stredisko údržby Považská Bystrica,Ilava,oba smery trasy CK,medzikrižovatkový,2543A05503,2543A40800,1421133,6,,6,126,38,TN SK,SC TN SK - PB,,,,,,,,,,,,,
M2275,cesta III. triedy,1944,Most,Most v obci Ladce,M2275,7,Uspokojivý,18.2915450000,49.0358950000,248.960999,dosková,monolitický železobetón,37.0,64.0,420.0,odhadom,Vodný tok,1948,,1,2,9,,9.0,5.0,8.0,9,,27,55,Trenčiansky samosprávny kraj,Správa ciest Trenčianskeho samosprávneho kraja - Stredisko údržby Považská Bystrica,Ilava,oba smery trasy CK,medzikrižovatkový,2543A40700,2543A41500,1421130,15,,6,324,40,TN SK,SC TN SK - PB,,,,,,,,,
,cesta III. triedy,1944,Dilatačný celok,,,,,,,,,,,,,,,,,,,,,,,,Trenčiansky samosprávny kraj,Správa ciest Trenčianskeho samosprávneho kraja - Stredisko údržby Považská Bystrica,Ilava,oba smery trasy CK,medzikrižovatkový,2543A40700,2543A41500,1421130,15,,6,324,40,TN SK,SC TN SK - PB,,,,,,,,,,,,,
M10224,cesta III. triedy,1965,Most,Most v obci Horný Moštenec,M10224,5,Uspokojivý,18.4559800000,49.0728800000,,trámová,oceľ -  plnostenná,26.0,48.0,85.0,odhadom,Vodný tok,1967,,1,5,5,,7.0,3.0,6.0,5,,58,5,Trenčiansky samosprávny kraj,Správa ciest Trenčianskeho samosprávneho kraja - Stredisko údržby Považská Bystrica,Považská Bystrica,oba smery trasy CK,medzikrižovatkový,2544A59300,2544A35300,945308,45,,4,21,17,TN SK,SC TN SK - PB,,,,,,,,,
,cesta III. triedy,1965,Dilatačný celok,,,,,,,,,,,,,,,,,,,,,,,,Trenčiansky samosprávny kraj,Správa ciest Trenčianskeho samosprávneho kraja - Stredisko údržby Považská Bystrica,Považská Bystrica,oba smery trasy CK,medzikrižovatkový,2544A59300,2544A35300,945308,45,,4,21,17,TN SK,SC TN SK - PB,,,,,,,,,,,,,
M9901,cesta III. triedy,2137,Most,MO2137-003 Most ponad privádzač v k.ú. Priekopa- Martin,M9901,3,Bezchybný,18.9513900000,49.0971300000,,trámová,prefabrikovaný predpätý betón,32.0,90.0,250.0,projektovaná,Cestná komunikácia,2015,,1,36,2,38,558.0,7.0,5.0,7,5,358,589,478,73,Žilinský samosprávny kraj,Správa ciest Žilinského samosprávneho kraja, závod Turiec,Martin,oba smery trasy CK,medzikrižovatkový,2633A09400,2633A58600,197585,629,,3,85,17,ZA SK,SC ŽSK - TUR,,,,,,
,cesta III. triedy,2137,Dilatačný celok,,,,,,,,,,,,,,,,,,,,,,,,Žilinský samosprávny kraj,Správa ciest Žilinského samosprávneho kraja, závod Turiec,Martin,oba smery trasy CK,medzikrižovatkový,2633A09400,2633A58600,197585,629,,3,85,17,ZA SK,SC ŽSK - TUR,,,,,,,,,,,,
M10200,cesta III. triedy,2251,Most,Most MO 2251-004 ponad tok Osliská pred obcou Pribiš,M10200,4,Bezchybný,19.3953700000,49.2438100000,2.25,rámová,monolitický železobetón,30.0,90.0,125.0,statický výpočet,Vodný tok,2023,"LM1, LM 2",1,6,7,6.0,6.0,5.0,6,5,57,47,123,47,Žilinský samosprávny kraj,Správa ciest Žilinského samosprávneho kraja, závod Orava,Dolný Kubín,oba smery trasy CK,medzikrižovatkový,2641A33900,2641A34100,341839,2847,,4,453,20,ZA SK,SC ŽSK - ORA,,,,,,,
,cesta III. triedy,2251,Dilatačný celok,,,,,,,,,,,,,,,,,,,,,,,,Žilinský samosprávny kraj,Správa ciest Žilinského samosprávneho kraja, závod Orava,Dolný Kubín,oba smery trasy CK,medzikrižovatkový,2641A33900,2641A34100,341839,2847,,4,453,20,ZA SK,SC ŽSK - ORA,,,,,,,,,,,,
M10202,cesta III. triedy,2305,Most,Most MO 2305-006 ponad potok Zábiedovčík v obci Zábiedovo,M10202,6,Dobrý,19.6073300000,49.3189000000,,dosková,monolitický železobetón,23.0,52.0,232.0,(neznámy),Vodný tok,1956,,1,6,9,7,5.0,7.0,2.0,6,8,,,Žilinský samosprávny kraj,Správa ciest Žilinského samosprávneho kraja, závod Orava,Tvrdošín,oba smery trasy CK,medzikrižovatkový,2641A14300,2641A14400,334097,444,,4,383,10,ZA SK,SC ŽSK - ORA,,,,,,,,
,cesta III. triedy,2305,Dilatačný celok,,,,,,,,,,,,,,,,,,,,,,,,Žilinský samosprávny kraj,Správa ciest Žilinského samosprávneho kraja, závod Orava,Tvrdošín,oba smery trasy CK,medzikrižovatkový,2641A14300,2641A14400,334097,444,,4,383,10,ZA SK,SC ŽSK - ORA,,,,,,,,,,,,
M10116,cesta III. triedy,2306,Most,MO 2306-003 Most ponad R3 v k.ú. Trstená,M10116,3,Bezchybný,19.6211100000,49.3559900000,,trámová,monolitický predpätý betón,32.0,80.0,196.0,projektovaná,Cestná komunikácia,2010,A,1,57,537,30,756.0,7.0,8.0,7,546,321,38,321,38,Žilinský samosprávny kraj,Správa ciest Žilinského samosprávneho kraja, závod Orava,Tvrdošín,oba smery trasy CK,medzikrižovatkový,2641A13600,2641A38102,334090,53,,0,927,5,ZA SK,SC ŽSK - ORA,,,,,,
,cesta III. triedy,2306,Dilatačný celok,,,,,,,,,,,,,,,,,,,,,,,,Žilinský samosprávny kraj,Správa ciest Žilinského samosprávneho kraja, závod Orava,Tvrdošín,oba smery trasy CK,medzikrižovatkový,2641A13600,2641A38102,334090,53,,0,927,5,ZA SK,SC ŽSK - ORA,,,,,,,,,,,,
M3385,cesta III. triedy,2370,Most,066047_002 Most cez potok Ráztoka pred obcou Ráztoka,M3385,2,Zlý,19.4019849470,48.8177324380,473.037249,dosková,monolitický železobetón,16.0,20.0,32.0,odhadom,Vodný tok,1944,,1,6,4,,7.0,2.0,,,,Banskobystrický samosprávny kraj,Banskobystrická regionálna správa ciest, a.s., Oblasť prevádzky SEVER,Brezno,oba smery trasy CK,medzikrižovatkový,3623A01103,3623A02400,492946,1073,,1,98,3,BB SK,BBRSC-SEVER,,,,,,,,,
,cesta III. triedy,2370,Dilatačný celok,,,,,,,,,,,,,,,,,,,,,,,,Banskobystrický samosprávny kraj,Banskobystrická regionálna správa ciest, a.s., Oblasť prevádzky SEVER,Brezno,oba smery trasy CK,medzikrižovatkový,3623A01103,3623A02400,492946,1073,,1,98,3,BB SK,BBRSC-SEVER,,,,,,,,,,,
M10177,cesta III. triedy,2426,Most,2426-1_Most cez Moštenický potok v točke pred Moštenicou (066041-001),M10177,1,Bezchybný,19.2919600000,48.7883200000,416.15,rámová,monolitický železobetón,46.0,160.0,0.0,statický výpočet,Vodný tok,2023,STN EN 1991-2,1,10,11,5,7.0,7.0,7.0,7,101,2,93,Banskobystrický samosprávny kraj,Banskobystrická regionálna správa ciest, a.s., Oblasť prevádzky SEVER,Banská Bystrica,oba smery trasy CK,medzikrižovatkový,3614A02700,3614A11100,9374,1555,,1,555,1,BB SK,BBRSC-SEVER,,,,,,,
,cesta III. triedy,2426,Dilatačný celok,,,,,,,,,,,,,,,,,,,,,,,,Banskobystrický samosprávny kraj,Banskobystrická regionálna správa ciest, a.s., Oblasť prevádzky SEVER,Banská Bystrica,oba smery trasy CK,medzikrižovatkový,3614A02700,3614A11100,9374,1555,,1,555,1,BB SK,BBRSC-SEVER,,,,,,,,,,,
M3749,cesta III. triedy,2611,Most,565003-001 Most cez Zomborský potok Kirť - Glabušovce,M3749,1,Veľmi zlý,19.4802053730,48.1264835180,157.884999,iná,oceľ -  plnostenná,14.0,16.0,28.0,odhadom,Vodný tok,1930,,0,1,99,,17.0,,,,Banskobystrický samosprávny kraj,Banskobystrická regionálna správa ciest, a.s., Oblasť prevádzky STRED,Veľký Krtíš,oba smery trasy CK,medzikrižovatkový,4623A00500,4623A01000,3847,836,0,851,0,836,1,BB SK,BBRSC-STRED,,,,,,,,,
,cesta III. triedy,2611,Dilatačný celok,,,,,,,,,,,,,,,,,,,,,,,,Banskobystrický samosprávny kraj,Banskobystrická regionálna správa ciest, a.s., Oblasť prevádzky STRED,Veľký Krtíš,oba smery trasy CK,medzikrižovatkový,4623A00500,4623A01000,3847,836,0,851,0,836,1,BB SK,BBRSC-STRED,,,,,,,,,,
M10182,cesta III. triedy,3108,Most,Most cez Jezerský potok v obci Jezersko,M10182,5,Bezchybný,20.3427100000,49.3005800000,748.57,rámová,monolitický železobetón,33.0,90.0,300.0,statický výpočet,Vodný tok,2022,,1,9,9,11,4.0,6.0,5.0,5,5,71,82,74,1,Prešovský samosprávny kraj,Správa a údržba ciest Prešovského samosprávneho kraja, oblasť Stará Ľubovňa,Kežmarok,oba smery trasy CK,medzikrižovatkový,2732A20500,2731A01000,318847,951,2,241,2,294,2,PO SK,SUC PSK - SL,,,,,
,cesta III. triedy,3108,Dilatačný celok,,,,,,,,,,,,,,,,,,,,,,,,Prešovský samosprávny kraj,Správa a údržba ciest Prešovského samosprávneho kraja, oblasť Stará Ľubovňa,Kežmarok,oba smery trasy CK,medzikrižovatkový,2732A20500,2731A01000,318847,951,2,241,2,294,2,PO SK,SUC PSK - SL,,,,,,,,,,,
M10212,cesta III. triedy,3109,Most,Most cez Krulovský potok obci Osturňa,M10212,6,Bezchybný,20.2497300000,49.3376700000,687.08,dosková,monolitický železobetón,32.0,65.0,320.0,statický výpočet,Vodný tok,2022,A,1,6,35,7,565.0,7.0,5.0,6,5,55,55,Prešovský samosprávny kraj,Správa a údržba ciest Prešovského samosprávneho kraja, oblasť Stará Ľubovňa,Kežmarok,oba smery trasy CK,medzikrižovatkový,2731A01800,2731A05300,318842,1814,9,517,9,492,8,PO SK,SUC PSK - SL,,,,,,,
,cesta III. triedy,3109,Dilatačný celok,,,,,,,,,,,,,,,,,,,,,,,,Prešovský samosprávny kraj,Správa a údržba ciest Prešovského samosprávneho kraja, oblasť Stará Ľubovňa,Kežmarok,oba smery trasy CK,medzikrižovatkový,2731A01800,2731A05300,318842,1814,9,517,9,492,8,PO SK,SUC PSK - SL,,,,,,,,,,,
M10205,cesta III. triedy,3121,Most,Most cez potok Malý Lipník v obci Jarabina,M10205,1,Bezchybný,20.6564000000,49.3400900000,587.0,rámová,monolitický železobetón,32.0,90.0,300.0,odhadom,Vodný tok,2022,A,1,4,63,4,63.0,6.0,5.0,6,5,30,88,73,72,Prešovský samosprávny kraj,Správa a údržba ciest Prešovského samosprávneho kraja, oblasť Stará Ľubovňa,Stará Ľubovňa,oba smery trasy CK,medzikrižovatkový,2732A03800,2732A03900,218558,70,,0,683,7,PO SK,SUC PSK - SL,,,,,,
,cesta III. triedy,3121,Dilatačný celok,,,,,,,,,,,,,,,,,,,,,,,,Prešovský samosprávny kraj,Správa a údržba ciest Prešovského samosprávneho kraja, oblasť Stará Ľubovňa,Stará Ľubovňa,oba smery trasy CK,medzikrižovatkový,2732A03800,2732A03900,218558,70,,0,683,7,PO SK,SUC PSK - SL,,,,,,,,,,,,
M10235,cesta III. triedy,3136,Most,Most cez potok Ľubotinka v obci Vislanka,M10235,2,Veľmi dobrý,20.8621500000,49.2366100000,531.0,trámová,monolitický predpätý betón,50.0,90.0,300.0,statický výpočet,Vodný tok,2022,"LM1, LM2, LM3, LM4",1,17.0,6.0,20.0,57,9,95,6,5,201,59,196,98,Prešovský samosprávny kraj,Správa a údržba ciest Prešovského samosprávneho kraja, oblasť Prešov,Stará Ľubovňa,oba smery trasy CK,medzikrižovatkový,2741A19500,2741A19600,220770,11,,1,906,11,PO SK,SUC PSK - PO,,,,,,
,cesta III. triedy,3136,Dilatačný celok,,,,,,,,,,,,,,,,,,,,,,,,Prešovský samosprávny kraj,Správa a údržba ciest Prešovského samosprávneho kraja, oblasť Prešov,Stará Ľubovňa,oba smery trasy CK,medzikrižovatkový,2741A19500,2741A19600,220770,11,,1,906,11,PO SK,SUC PSK - PO,,,,,,,,,,,,
M10233,cesta III. triedy,3193,Most,Most cez potok Rohovčík pred obcou Krivany,M10233,1,Dobrý,20.9379600000,49.1629100000,399.0,trámová,monolitický železobetón,32.0,90.0,300.0,(neznámy),Vodný tok,2023,"STN EN 1991, LM1,  LM2,  LM3",1,3.0,3.0,7.0,5,,45,46,47,48,Prešovský samosprávny kraj,Správa a údržba ciest Prešovského samosprávneho kraja, oblasť Prešov,Sabinov,oba smery trasy CK,medzikrižovatkový,2743A21700,2743A11100,1113333,1753,,2,190,7,PO SK,SUC PSK - PO,,,,,,,,,
,cesta III. triedy,3193,Dilatačný celok,,,,,,,,,,,,,,,,,,,,,,,,Prešovský samosprávny kraj,Správa a údržba ciest Prešovského samosprávneho kraja, oblasť Prešov,Sabinov,oba smery trasy CK,medzikrižovatkový,2743A21700,2743A11100,1113333,1753,,2,190,7,PO SK,SUC PSK - PO,,,,,,,,,,,,
M10227,cesta III. triedy,3204,Most,Most cez miestny potok v obci Vyšné Repaše,M10227,2,Bezchybný,20.6854700000,49.0668000000,805.0,klenbová,iný materiál,32.0,90.0,300.0,statický výpočet,Vodný tok,2023,LM1 , LM2,1,5,88,6.0,9.0,7.0,168,70,38,Prešovský samosprávny kraj,Správa a údržba ciest Prešovského samosprávneho kraja, oblasť Poprad,Levoča,oba smery trasy CK,medzikrižovatkový,2734A22900,2743A25200,405362,4452,9,7,8,950,8,PO SK,SUC PSK - PP,,,,,,,,
,cesta III. triedy,3204,Dilatačný celok,,,,,,,,,,,,,,,,,,,,,,,,Prešovský samosprávny kraj,Správa a údržba ciest Prešovského samosprávneho kraja, oblasť Poprad,Levoča,oba smery trasy CK,medzikrižovatkový,2734A22900,2743A25200,405362,4452,9,7,8,950,8,PO SK,SUC PSK - PP,,,,,,,,,,,
M10213,cesta III. triedy,3216,Most,Most cez Slavkovský potok v obci Nižný Slavkov,M10213,9,Bezchybný,20.8528900000,49.1076300000,503.63,trámová,prefabrikovaný predpätý betón,32.0,90.0,300.0,statický výpočet,Vodný tok,2023,ZM1, ZM2, ZM3, ZM4,1,17.0,65.0,19.0,25,9,8,200,200,Prešovský samosprávny kraj,Správa a údržba ciest Prešovského samosprávneho kraja, oblasť Prešov,Sabinov,oba smery trasy CK,medzikrižovatkový,2743A05700,2743A05800,292202,71,18,280,18,518,20,PO SK,SUC PSK - PO,,,,,,
,cesta III. triedy,3216,Dilatačný celok,,,,,,,,,,,,,,,,,,,,,,,,Prešovský samosprávny kraj,Správa a údržba ciest Prešovského samosprávneho kraja, oblasť Prešov,Sabinov,oba smery trasy CK,medzikrižovatkový,2743A05700,2743A05800,292202,71,18,280,18,518,20,PO SK,SUC PSK - PO,,,,,,,,,,,
M10211,cesta III. triedy,3423,Most,Most cez potok Krížovianka za obcou Krížovany,M10211,8,Veľmi dobrý,21.0454700000,48.9711500000,410.0,dosková,spriahnutá oceľ-betón,33.0,96.0,813.0,statický výpočet,Vodný tok,2022,LM1, LM2, LM3, LM4,1,7.0,128.0,8.0,67,7,5,7,5,79,6,79,6,Prešovský samosprávny kraj,Správa a údržba ciest Prešovského samosprávneho kraja, oblasť Prešov,Prešov,oba smery trasy CK,medzikrižovatkový,3722A19700,3722A19900,453724,59,,5,506,21,PO SK,SUC PSK - PO,,,
,cesta III. triedy,3423,Dilatačný celok,,,,,,,,,,,,,,,,,,,,,,,,Prešovský samosprávny kraj,Správa a údržba ciest Prešovského samosprávneho kraja, oblasť Prešov,Prešov,oba smery trasy CK,medzikrižovatkový,3722A19700,3722A19900,453724,59,,5,506,21,PO SK,SUC PSK - PO,,,,,,,,,,,,
M10232,cesta III. triedy,3535,Most,Most cez bezmenný potok v obci Okrúhle,M10232,2,Bezchybný,21.5519200000,49.1820300000,,rámová,prefabrikovaný železobetón,32.0,90.0,300.0,(neznámy),Vodný tok,2022,LM1, LM2, LM3,1,4,4.0,68.0,7.0,,37,44,34,4,Prešovský samosprávny kraj,Správa a údržba ciest Prešovského samosprávneho kraja, oblasť Svidník,Svidník,oba smery trasy CK,medzikrižovatkový,2833A02600,2833A13100,5821,142,0,143,0,142,1,PO SK,SUC PSK - SK,,,,,,
,cesta III. triedy,3535,Dilatačný celok,,,,,,,,,,,,,,,,,,,,,,,,Prešovský samosprávny kraj,Správa a údržba ciest Prešovského samosprávneho kraja, oblasť Svidník,Svidník,oba smery trasy CK,medzikrižovatkový,2833A02600,2833A13100,5821,142,0,143,0,142,1,PO SK,SUC PSK - SK,,,,,,,,,,,
M10204,cesta III. triedy,3733,Most,Most cez Hrušovský potok v obci Nižný Hrušov,M10204,1,Bezchybný,21.7835900000,48.8080700000,133.0,rámová,monolitický železobetón,32.0,90.0,300.0,statický výpočet,Vodný tok,2023,LM1, LM2, LM3, LM4,1,3.0,16.0,3.0,69,7,5,6,5,26,94,23,7,Prešovský samosprávny kraj,Správa a údržba ciest Prešovského samosprávneho kraja, oblasť Vranov nad Topľou,Vranov nad Topľou,oba smery trasy CK,medzikrižovatkový,3814A05100,3814A35000,6279,72,,3,690,7,PO SK,SUC PSK - VT,,,
,cesta III. triedy,3733,Dilatačný celok,,,,,,,,,,,,,,,,,,,,,,,,Prešovský samosprávny kraj,Správa a údržba ciest Prešovského samosprávneho kraja, oblasť Vranov nad Topľou,Vranov nad Topľou,oba smery trasy CK,medzikrižovatkový,3814A05100,3814A35000,6279,72,,3,690,7,PO SK,SUC PSK - VT,,,,,,,,,,,,
M9977,II. trieda - miestna zberná (MZ),MK,Most,"ESTAKÁDA NOVÉHO MOSTA (SNP) ľavobrežné predmostie záp.odbočka, zjazd z mesta na nábrežie vetva ""C""",M9977,M 177.2,Uspokojivý,17.1040800000,48.14084,,trámová,oceľobetón,21.0,53.0,189.0,statický výpočet,Miestna komunikácia,1972,,3,68,15,69,9,8.0,5.0,,,Bratislava,Magistrát hl. m. SR Bratislavy,Bratislava I,neaplikovateľný, nepoužiteľný,vetva,4424A53311,4424A53308,46925,0,,,,BA  ,MAG-BA,,,,,,,,,,,
,II. trieda - miestna zberná (MZ),MK,Dilatačný celok,,,,,,,,,,,,,,,,,,,,,,,,Bratislava,Magistrát hl. m. SR Bratislavy,Bratislava I,neaplikovateľný, nepoužiteľný,vetva,4424A53311,4424A53308,46925,0,,,,BA  ,MAG-BA,,,,,,,,,,,,,
M10156,II. trieda - miestna zberná (MZ),MK,Most,MOST NA PANÓNSKEJ CESTE V JANÍKOVOM DVORE V PETRŽALKE - PRAVÝ MOST (od Janíkovho dvora),M10156,M 166.2,Zlý,17.1093100000,48.0941,,dosková,prefabrikovaný predpätý betón,48.0,110.0,285.0,projektovaná,Iná prekážka,1981,,5,76,94,80,66,12.0,12.0,1076,1046,4,Bratislava,Magistrát hl. m. SR Bratislavy,Bratislava V,neaplikovateľný, nepoužiteľný,medzikrižovatkový,4424A50805,4424A46201,786312,827,,,,BA  ,MAG-BA,,,,,,,,,,
,II. trieda - miestna zberná (MZ),MK,Dilatačný celok,,,,,,,,,,,,,,,,,,,,,,,,Bratislava,Magistrát hl. m. SR Bratislavy,Bratislava V,neaplikovateľný, nepoužiteľný,medzikrižovatkový,4424A50805,4424A46201,786312,827,,,,BA  ,MAG-BA,,,,,,,,,,,,,
M10191,III. trieda - miestna obslužná (MO),MK,Most,MOST CEZ POTOK STARÁ MLÁKA V DEVÍNSKEJ NOVEJ VSI PRI BÝVALEJ TEHELNI,M10191,M 190,Zlý,16.9794100000,48.21624,,dosková,prefabrikovaný železobetón,30.0,75.0,300.0,statický výpočet,Vodný tok,1961,,1,7,99,9,7,72.0,7.0,72,,72,9,Bratislava,Magistrát hl. m. SR Bratislavy,Bratislava IV,neaplikovateľný, nepoužiteľný,medzikrižovatkový,4421A10003,4421A08100,528994,109,,,,BA  ,MAG-BA,,,,,,,,,
,III. trieda - miestna obslužná (MO),MK,Dilatačný celok,,,,,,,,,,,,,,,,,,,,,,,,Bratislava,Magistrát hl. m. SR Bratislavy,Bratislava IV,neaplikovateľný, nepoužiteľný,medzikrižovatkový,4421A10003,4421A08100,528994,109,,,,BA  ,MAG-BA,,,,,,,,,,,,,
M4849,miestna neurčená,MK,Most,50_151 Most cez potok Handlovka v meste Handlová,M4849,151,Dobrý,18.7595200000,48.72657,426.69,dosková,monolitický železobetón,28.0,47.0,122.0,odhadom,Vodný tok,1957,,1,12,,17,11,,,Handlová,Mesto Handlová,Prievidza,neaplikovateľný, nepoužiteľný,medzikrižovatkový,3613A27709,3613E30600,1148099,0,,,,PD-HA,PD-HA,,,,,,,,,,,,,
,miestna neurčená,MK,Dilatačný celok,,,,,,,,,,,,,,,,,,,,,,,,Handlová,Mesto Handlová,Prievidza,neaplikovateľný, nepoužiteľný,medzikrižovatkový,3613A27709,3613E30600,1148099,0,,,,PD-HA,PD-HA,,,,,,,,,,,,,
M7494,miestna neurčená,MK,Most,50_235 Most cez Maštinský potok pri Ružovej osade,M7494,235,Veľmi zlý,19.8501500000,48.37391,204.25,klenbová,oceľ -  plnostenná,32.0,80.0,196.0,projektovaná,Vodný tok,1997,,1,4,5,,12.0,5.0,10,2,,,Nové Hony,Obec Nové Hony,Rimavská Sobota,neaplikovateľný, nepoužiteľný,medzikrižovatkový,3644B00900,3644E24900,1179480,0,,,,RS-OZ,RS-OZ,,,,,,,,,,
,miestna neurčená,MK,Dilatačný celok,,,,,,,,,,,,,,,,,,,,,,,,Nové Hony,Obec Nové Hony,Rimavská Sobota,neaplikovateľný, nepoužiteľný,medzikrižovatkový,3644B00900,3644E24900,1179480,0,,,,RS-OZ,RS-OZ,,,,,,,,,,,,,
M3798,miestna neurčená,MK,Most,066053-010_most cez Čierny Hron v Č. Balogu-časť N. Krám,M3798,10,Uspokojivý,19.6260800000,48.75895,518.0,dosková,monolitický železobetón,27.0,56.0,316.0,odhadom,Vodný tok,1961,,1,9,1,,7,5.0,6.0,5,,,Čierny Balog,Obec Čierny Balog,Brezno,neaplikovateľný, nepoužiteľný,medzikrižovatkový,3623E69300,3623E69700,1472738,2,,,,BR-CB,BR-CB,,,,,,,,,,
,miestna neurčená,MK,Dilatačný celok,,,,,,,,,,,,,,,,,,,,,,,,Čierny Balog,Obec Čierny Balog,Brezno,neaplikovateľný, nepoužiteľný,medzikrižovatkový,3623E69300,3623E69700,1472738,2,,,,BR-CB,BR-CB,,,,,,,,,,,,,
M4517,miestna neurčená,MK,Most,most na účelovej komunikácii,M4517,3,Dobrý,19.2175400000,49.12038,460.0,dosková,monolitický železobetón,20.0,28.0,140.0,podľa tabuliek,Vodný tok,1947,,1,5,95,,3,8.0,3.0,8,,,Žilinský samosprávny kraj,Slovenská správa ciest - IVSC Žilina,Ružomberok,neaplikovateľný, nepoužiteľný,medzikrižovatkový,2634B01200,2634A02400,1007276,3,,,,RK,RK,,,,,,,,,,
,miestna neurčená,MK,Dilatačný celok,,,,,,,,,,,,,,,,,,,,,,,,Žilinský samosprávny kraj,Slovenská správa ciest - IVSC Žilina,Ružomberok,neaplikovateľný, nepoužiteľný,medzikrižovatkový,2634B01200,2634A02400,1007276,3,,,,RK,RK,,,,,,,,,,,,,
M9542,miestna neurčená,MK,Most,Most na MK pri cementárni nad R1,M9542,M9542,Uspokojivý,19.1862400000,48.74001,351.0,dosková,monolitický železobetón,32.0,80.0,196.0,projektovaná,Cestná komunikácia,2012,A,4,42,386,45,38,12.0,75.0,10,75,605,3,587,43,Štát,Via Pribina Operation, a.s.,Banská Bystrica,neaplikovateľný, nepoužiteľný,lúč,3614A06305,3614A06306,110438,6,,,,BB,BB,,,,,,
,miestna neurčená,MK,Dilatačný celok,,,,,,,,,,,,,,,,,,,,,,,,Štát,Via Pribina Operation, a.s.,Banská Bystrica,neaplikovateľný, nepoužiteľný,lúč,3614A06305,3614A06306,110438,6,,,,BB,BB,,,,,,,,,,,,
M10114,miestna neurčená,MK,Most,Most č.008 na MK v obci Hôrka ponad miestny potok,M10114,8,Veľmi zlý,20.3797600000,49.01435,582.0,dosková,prefabrikovaný železobetón,0.0,0.0,0.0,(neznámy),Vodný tok,1800,,1,2,15,,,5.0,36.0,,,Hôrka,Obec Hôrka,Poprad,neaplikovateľný, nepoužiteľný,medzikrižovatkový,3712E61500,3712E64000,1326642,7,,,,PP-HO,PP-HO,,,,,,,,,,,
,miestna neurčená,MK,Dilatačný celok,,,,,,,,,,,,,,,,,,,,,,,,Hôrka,Obec Hôrka,Poprad,neaplikovateľný, nepoužiteľný,medzikrižovatkový,3712E61500,3712E64000,1326642,7,,,,PP-HO,PP-HO,,,,,,,,,,,,,
M2538,miestna neurčená,MK,Most,Most cez Vážsky kanál v obci Príles,M2538,1,Zlý,18.1324586870,48.958544119,227.6735,trámová,monolitický železobetón,9.0,65.0,67.0,porovnávací výpočet,Kanál,1946,,1,48,6,,11,10.0,,,Trenčiansky samosprávny kraj,Správa ciest Trenčianskeho samosprávneho kraja - Stredisko údržby Trenčín,Trenčín,neaplikovateľný, nepoužiteľný,medzikrižovatkový,3521F76900,3521F77000,1472084,9,,,,TN-NE,TN-NE,,,,,,,,,,,,
,miestna neurčená,MK,Dilatačný celok,,,,,,,,,,,,,,,,,,,,,,,,Trenčiansky samosprávny kraj,Správa ciest Trenčianskeho samosprávneho kraja - Stredisko údržby Trenčín,Trenčín,neaplikovateľný, nepoužiteľný,medzikrižovatkový,3521F76900,3521F77000,1472084,9,,,,TN-NE,TN-NE,,,,,,,,,,,,,
M9948,miestna neurčená,MK,Most,Most cez rieku Hnilec v obci Hnilec,M9948,5,Veľmi zlý,20.5430000000,48.817,633.0,trámová,spriahnutá oceľ-betón,0.0,0.0,0.0,(neznámy),Vodný tok,1970,,1,9,325,10,125.0,3.0,4,,34,425,34,425,Vlastník - iný,Obec Hnilec,Spišská Nová Ves,neaplikovateľný, nepoužiteľný,medzikrižovatkový,3714E32400,3714B01000,1418113,12,,,,SN-HC,SN-HC,,,,,,,,
,miestna neurčená,MK,Dilatačný celok,,,,,,,,,,,,,,,,,,,,,,,,Vlastník - iný,Obec Hnilec,Spišská Nová Ves,neaplikovateľný, nepoužiteľný,medzikrižovatkový,3714E32400,3714B01000,1418113,12,,,,SN-HC,SN-HC,,,,,,,,,,,,,
M10072,miestna neurčená,MK,Most,Most ponad potok Trnávka na Rázusovej ul. v Trnave,M10072,MO 12/01,Zlý,17.5875400000,48.37316,,trámová,monolitický železobetón,12.0,42.0,88.0,porovnávací výpočet,Vodný tok,1942,TR.I.,1,8,10,1,30,,240.0,240,Trnava,Mesto Trnava,Trnava,neaplikovateľný, nepoužiteľný,medzikrižovatkový,3533A71300,3533A53102,778563,13,,,,TT,TT,,,,,,,,,,,,
,miestna neurčená,MK,Dilatačný celok,,,,,,,,,,,,,,,,,,,,,,,,Trnava,Mesto Trnava,Trnava,neaplikovateľný, nepoužiteľný,medzikrižovatkový,3533A71300,3533A53102,778563,13,,,,TT,TT,,,,,,,,,,,,,
M7603,miestna neurčená,MK,Most,2377-2_Most cez potok Osrblianka v obci Hronec (066055-002),M7603,2,Veľmi zlý,19.5743600000,48.79182,493.57175,trámová,monolitický železobetón,5.0,27.0,111.0,odhadom,Vodný tok,1950,,1,5,2,,4,6.0,4.0,3,,,Banskobystrický samosprávny kraj,Banskobystrická regionálna správa ciest, a.s., Oblasť prevádzky SEVER,Brezno,neaplikovateľný, nepoužiteľný,medzikrižovatkový,3623A19900,3623A32800,1474015,13,,,,BR-HR,BR-HR,,,,,,,,
,miestna neurčená,MK,Dilatačný celok,,,,,,,,,,,,,,,,,,,,,,,,Banskobystrický samosprávny kraj,Banskobystrická regionálna správa ciest, a.s., Oblasť prevádzky SEVER,Brezno,neaplikovateľný, nepoužiteľný,medzikrižovatkový,3623A19900,3623A32800,1474015,13,,,,BR-HR,BR-HR,,,,,,,,,,,
M9160,miestna neurčená,MK,Most,2460-3_Most cez rieku Hron vo Zvolene (050087-3),M9160,3,Veľmi dobrý,19.1258400000,48.58275,289.668,trámová,spriahnutá oceľ-betón,32.0,80.0,196.0,projektovaná,Vodný tok,2012,"Zaťažovacia trieda(STN), model(EC)",4,79,1,81,52.0,15.0,7,5,1226,1263,56,Banskobystrický samosprávny kraj,Banskobystrická regionálna správa ciest, a.s., Oblasť prevádzky STRED,Zvolen,neaplikovateľný, nepoužiteľný,medzikrižovatkový,3632A41115,3632A24303,767084,19,,,,ZV,ZV,,,,,,,
,miestna neurčená,MK,Dilatačný celok,,,,,,,,,,,,,,,,,,,,,,,,Banskobystrický samosprávny kraj,Banskobystrická regionálna správa ciest, a.s., Oblasť prevádzky STRED,Zvolen,neaplikovateľný, nepoužiteľný,medzikrižovatkový,3632A41115,3632A24303,767084,19,,,,ZV,ZV,,,,,,,,,,,
M10105,miestna neurčená,MK,Most,MOST NA ROMANOVEJ ULICI CEZ CHORVÁTSKE RAMENO V BRATISLAVE,M10105,M 059,Veľmi zlý,17.1069800000,48.11737,,trámová,monolitický predpätý betón,23.0,53.0,91.0,statický výpočet,Vodný tok,1974,,1,38,,21,75,14.0,25.0,,,Bratislava,Magistrát hl. m. SR Bratislavy,Bratislava V,neaplikovateľný, nepoužiteľný,medzikrižovatkový,4424A40601,4424A66700,796860,27,,,,BA  ,MAG-BA,,,,,,,,,,,
,miestna neurčená,MK,Dilatačný celok,,,,,,,,,,,,,,,,,,,,,,,,Bratislava,Magistrát hl. m. SR Bratislavy,Bratislava V,neaplikovateľný, nepoužiteľný,medzikrižovatkový,4424A40601,4424A66700,796860,27,,,,BA  ,MAG-BA,,,,,,,,,,,,,
M1518,miestna neurčená,MK,Most,000595-010_Most cez rieku Ipeľ v obci Zelené,M1518,10,Veľmi zlý,19.7786700000,48.4301,218.0,klenbová,kameň,12.0,12.0,44.0,podľa tabuliek,Vodný tok,1886,,3,19,55,,5,8.0,5.0,8,,,Poltár,Mesto Poltár,Poltár,neaplikovateľný, nepoužiteľný,medzikrižovatkový,3644E06500,3644A10900,1032601,27,,,,PT,PT,,,,,,,,,,
,miestna neurčená,MK,Dilatačný celok,,,,,,,,,,,,,,,,,,,,,,,,Poltár,Mesto Poltár,Poltár,neaplikovateľný, nepoužiteľný,medzikrižovatkový,3644E06500,3644A10900,1032601,27,,,,PT,PT,,,,,,,,,,,,,
M9985,miestna neurčená,MK,Most,Most v meste Medzev cez rieku Bodva,M9985,1,Veľmi zlý,20.8913100000,48.69902,313.0,iná,spriahnutá oceľ-betón,0.0,0.0,0.0,(neznámy),Vodný tok,1950,,1,11,6,12,6.0,4.0,55,4,55,62,5,,Medzev,Mesto Medzev,Košice - okolie,neaplikovateľný, nepoužiteľný,medzikrižovatkový,3723E05700,3723E05800,1147709,28,,,,KS-ME,KS-ME,,,,,,,,
,miestna neurčená,MK,Dilatačný celok,,,,,,,,,,,,,,,,,,,,,,,,Medzev,Mesto Medzev,Košice - okolie,neaplikovateľný, nepoužiteľný,medzikrižovatkový,3723E05700,3723E05800,1147709,28,,,,KS-ME,KS-ME,,,,,,,,,,,,,
M4500,miestna neurčená,MK,Most,011088_001 Most cez bezmenný potok v obci Lysica,M4500,1,Uspokojivý,18.9248600000,49.2413,443.91,dosková,prefabrikovaný železobetón,30.0,75.0,420.0,odhadom,Vodný tok,1900,,1,5,3,,7,6.0,8.0,,,Lysica,Obec Lysica,Žilina,neaplikovateľný, nepoužiteľný,medzikrižovatkový,2631A41900,2631F64300,1474700,28,,,,ZA-LY,ZA-LY,,,,,,,,,,,
,miestna neurčená,MK,Dilatačný celok,,,,,,,,,,,,,,,,,,,,,,,,Lysica,Obec Lysica,Žilina,neaplikovateľný, nepoužiteľný,medzikrižovatkový,2631A41900,2631F64300,1474700,28,,,,ZA-LY,ZA-LY,,,,,,,,,,,,,
M7757,miestna neurčená,MK,Most,51_096 Most cez potok Trnávka pri konzervárke v Trnave,M7757,96,Dobrý,17.5813204830,48.380799658,146.804749,klenbová,monolitický železobetón,32.0,80.0,196.0,projektovaná,Vodný tok,1940,,1,7,,14,9,55.0,,,Trnava,Mesto Trnava,Trnava,neaplikovateľný, nepoužiteľný,medzikrižovatkový,3533A81700,3533A81800,783438,29,,,,TT,TT,,,,,,,,,,,,
,miestna neurčená,MK,Dilatačný celok,,,,,,,,,,,,,,,,,,,,,,,,Trnava,Mesto Trnava,Trnava,neaplikovateľný, nepoužiteľný,medzikrižovatkový,3533A81700,3533A81800,783438,29,,,,TT,TT,,,,,,,,,,,,,
M10119,miestna neurčená,MK,Most,Most ponad potok Trnávka na Chovateľskej ul. v Trnave,M10119,MO 07/01,Bezchybný,17.5707700000,48.39763,,oblúková,oceľ -  plnostenná,36.0,80.0,196.0,projektovaná,Vodný tok,2011,"""A""STN 736203",1,13,13,,9,1.0,,,132,613,Trnava,Mesto Trnava,Trnava,neaplikovateľný, nepoužiteľný,medzikrižovatkový,3533F04900,3533F05100,804944,38,,,,TT,TT,,,,,,,,,,
,miestna neurčená,MK,Dilatačný celok,,,,,,,,,,,,,,,,,,,,,,,,Trnava,Mesto Trnava,Trnava,neaplikovateľný, nepoužiteľný,medzikrižovatkový,3533F04900,3533F05100,804944,38,,,,TT,TT,,,,,,,,,,,,,
M5235,miestna neurčená,MK,Most,066053-011_most cez Medveďovský potok v Č. Balogu-časť Krám,M5235,11,Uspokojivý,19.6335000000,48.75317,526.46,klenbová,monolitický prostý betón,4.0,19.0,70.0,odhadom,Vodný tok,1951,,1,3,5,,7,6.0,3.0,,,Čierny Balog,Obec Čierny Balog,Brezno,neaplikovateľný, nepoužiteľný,medzikrižovatkový,3623E71200,3623E71000,1472759,50,,,,BR-CB,BR-CB,,,,,,,,,,,
,miestna neurčená,MK,Dilatačný celok,,,,,,,,,,,,,,,,,,,,,,,,Čierny Balog,Obec Čierny Balog,Brezno,neaplikovateľný, nepoužiteľný,medzikrižovatkový,3623E71200,3623E71000,1472759,50,,,,BR-CB,BR-CB,,,,,,,,,,,,,
M10132,miestna neurčená,MK,Most,Most ponad potok Trnávka na Kollárovej ul. v Trnave,M10132,MO 13/01,Zlý,17.5891100000,48.37209,,dosková,monolitický železobetón,20.0,75.0,160.0,(neznámy),Vodný tok,1948,Tr. I,1,9,10,3,17,643.0,,181,72,158,787,Trnava,Mesto Trnava,Trnava,neaplikovateľný, nepoužiteľný,medzikrižovatkový,3533A71500,3533A71600,778568,51,,,,TT,TT,,,,,,,,,
,miestna neurčená,MK,Dilatačný celok,,,,,,,,,,,,,,,,,,,,,,,,Trnava,Mesto Trnava,Trnava,neaplikovateľný, nepoužiteľný,medzikrižovatkový,3533A71500,3533A71600,778568,51,,,,TT,TT,,,,,,,,,,,,,
M10109,miestna neurčená,MK,Most,Most č.001 v obci Horka na miestnej komunikácii ponad malý potok,M10109,1,Uspokojivý,20.3741600000,49.02372,612.0,dosková,oceľobetón,0.0,0.0,0.0,(neznámy),Vodný tok,1800,,1,2,58,,4,85.0,,,,Hôrka,Obec Hôrka,Poprad,neaplikovateľný, nepoužiteľný,medzikrižovatkový,2734E52100,2734E52000,1327015,52,,,,PP-HO,PP-HO,,,,,,,,,,,
,miestna neurčená,MK,Dilatačný celok,,,,,,,,,,,,,,,,,,,,,,,,Hôrka,Obec Hôrka,Poprad,neaplikovateľný, nepoužiteľný,medzikrižovatkový,2734E52100,2734E52000,1327015,52,,,,PP-HO,PP-HO,,,,,,,,,,,,,
M9916,miestna neurčená,MK,Most,Most ponad potok Trnávka na Radlinského ul. v Trnave,M9916,MO 09/01,Uspokojivý,17.5822400000,48.37658,,trámová,prefabrikovaný predpätý betón,0.0,0.0,0.0,(neznámy),Vodný tok,2015,A - STN 736203,1,13,8,15,2,16.0,10.0,25,245,33,251,Trnava,Mesto Trnava,Trnava,neaplikovateľný, nepoužiteľný,medzikrižovatkový,3533A56002,3533A51505,801014,73,,,,TT,TT,,,,,,,,,
,miestna neurčená,MK,Dilatačný celok,,,,,,,,,,,,,,,,,,,,,,,,Trnava,Mesto Trnava,Trnava,neaplikovateľný, nepoužiteľný,medzikrižovatkový,3533A56002,3533A51505,801014,73,,,,TT,TT,,,,,,,,,,,,,
M10111,miestna neurčená,MK,Most,Most č.003 v obci Hôrka ponad miestny potok na odbočke z cesty I/18,M10111,3,Dobrý,20.3704800000,49.02344,602.0,dosková,monolitický železobetón,0.0,0.0,0.0,(neznámy),Vodný tok,1800,,1,4,,,,,,Hôrka,Obec Hôrka,Poprad,neaplikovateľný, nepoužiteľný,medzikrižovatkový,2734A24700,2734E53700,1327017,81,,,,PP-HO,PP-HO,,,,,,,,,,,,,
,miestna neurčená,MK,Dilatačný celok,,,,,,,,,,,,,,,,,,,,,,,,Hôrka,Obec Hôrka,Poprad,neaplikovateľný, nepoužiteľný,medzikrižovatkový,2734A24700,2734E53700,1327017,81,,,,PP-HO,PP-HO,,,,,,,,,,,,,
M10071,miestna neurčená,MK,Most,Most ponad potok Trnávka na ul. A.Žarnova v Trnave,M10071,MO 08/01,Zlý,17.5864700000,48.37287,,trámová,monolitický železobetón,12.0,42.0,88.0,odhadom,Vodný tok,1800,,1,8,,17,9,176.0,8.0,136,Trnava,Mesto Trnava,Trnava,neaplikovateľný, nepoužiteľný,medzikrižovatkový,3533A53101,3533A71400,112168,85,,,,TT,TT,,,,,,,,,,,,
,miestna neurčená,MK,Dilatačný celok,,,,,,,,,,,,,,,,,,,,,,,,Trnava,Mesto Trnava,Trnava,neaplikovateľný, nepoužiteľný,medzikrižovatkový,3533A53101,3533A71400,112168,85,,,,TT,TT,,,,,,,,,,,,,
M9946,miestna neurčená,MK,Most,Most cez rieku Hnilec v obci Hnilec,M9946,3,Veľmi zlý,20.4970000000,48.822,691.0,trámová,spriahnutá oceľ-betón,6.0,10.0,10.0,statický výpočet,Vodný tok,1970,,1,12,22,12,8.0,4.0,5,4,5,55,94,55,94,Vlastník - iný,Obec Hnilec,Spišská Nová Ves,neaplikovateľný, nepoužiteľný,medzikrižovatkový,3714E10500,3714E33400,1296924,88,,,,SN-HC,SN-HC,,,,,,,
,miestna neurčená,MK,Dilatačný celok,,,,,,,,,,,,,,,,,,,,,,,,Vlastník - iný,Obec Hnilec,Spišská Nová Ves,neaplikovateľný, nepoužiteľný,medzikrižovatkový,3714E10500,3714E33400,1296924,88,,,,SN-HC,SN-HC,,,,,,,,,,,,,
M10113,miestna neurčená,MK,Most,Most č.007 na MK v obci Hôrka ponad miestny potok,M10113,7,Uspokojivý,20.3903100000,49.0192,585.0,dosková,monolitický železobetón,0.0,0.0,0.0,(neznámy),Vodný tok,1800,,1,3,2,,,4.0,2.0,,,Hôrka,Obec Hôrka,Poprad,neaplikovateľný, nepoužiteľný,medzikrižovatkový,3712E60602,3712E60800,1326606,104,,,,PP-HO,PP-HO,,,,,,,,,,,
,miestna neurčená,MK,Dilatačný celok,,,,,,,,,,,,,,,,,,,,,,,,Hôrka,Obec Hôrka,Poprad,neaplikovateľný, nepoužiteľný,medzikrižovatkový,3712E60602,3712E60800,1326606,104,,,,PP-HO,PP-HO,,,,,,,,,,,,,
M768,miestna neurčená,MK,Most,066053-013_most cez Čierny Hron v osade Krám,M768,13,Zlý,19.6417900000,48.75175,527.39,dosková,prefabrikovaný železobetón,16.0,33.0,230.0,odhadom,Vodný tok,1961,,1,10,5,,7,5.0,,,Čierny Balog,Obec Čierny Balog,Brezno,neaplikovateľný, nepoužiteľný,medzikrižovatkový,3623A01800,3623E71400,1472761,121,,,,BR-CB,BR-CB,,,,,,,,,,,,
,miestna neurčená,MK,Dilatačný celok,,,,,,,,,,,,,,,,,,,,,,,,Čierny Balog,Obec Čierny Balog,Brezno,neaplikovateľný, nepoužiteľný,medzikrižovatkový,3623A01800,3623E71400,1472761,121,,,,BR-CB,BR-CB,,,,,,,,,,,,,
M10013,miestna neurčená,MK,Most,Most ponad potok Trnávka v Trnave - mestská časť Modranka,M10013,MO 11/01,Zlý,17.6061900000,48.34806,,trámová,prefabrikovaný predpätý betón,0.0,0.0,0.0,(neznámy),Vodný tok,1975,,1,11,9,13,5,4.0,64.0,74,64,26,Trnava,Mesto Trnava,Trnava,neaplikovateľný, nepoužiteľný,medzikrižovatkový,3533E13703,3533E13800,792449,123,,,,TT,TT,,,,,,,,,,
,miestna neurčená,MK,Dilatačný celok,,,,,,,,,,,,,,,,,,,,,,,,Trnava,Mesto Trnava,Trnava,neaplikovateľný, nepoužiteľný,medzikrižovatkový,3533E13703,3533E13800,792449,123,,,,TT,TT,,,,,,,,,,,,,
M7494,miestna neurčená,MK,Most,50_235 Most cez Maštinský potok pri Ružovej osade,M7494,235,Veľmi zlý,19.8501500000,48.37391,204.25,klenbová,oceľ -  plnostenná,32.0,80.0,196.0,projektovaná,Vodný tok,1997,,1,4,5,,12.0,5.0,10,2,,,Nové Hony,Obec Nové Hony,Lučenec,neaplikovateľný, nepoužiteľný,medzikrižovatkový,3644E24700,3644B00900,1179478,123,,,,LC-NH,LC-NH,,,,,,,,,,
,miestna neurčená,MK,Dilatačný celok,,,,,,,,,,,,,,,,,,,,,,,,Nové Hony,Obec Nové Hony,Lučenec,neaplikovateľný, nepoužiteľný,medzikrižovatkový,3644E24700,3644B00900,1179478,123,,,,LC-NH,LC-NH,,,,,,,,,,,,,
M10055,miestna neurčená,MK,Most,Most na Cukrovej ulici,M10055,017/01,Uspokojivý,17.5754900000,48.38631,,dosková,monolitický železobetón,0.0,0.0,0.0,(neznámy),Vodný tok,2009,,1,10,5,12,1,15.0,,,,Trnava,Mesto Trnava,Trnava,neaplikovateľný, nepoužiteľný,medzikrižovatkový,3533A60100,3533F08700,775200,140,,,,TT,TT,,,,,,,,,,,
,miestna neurčená,MK,Dilatačný celok,,,,,,,,,,,,,,,,,,,,,,,,Trnava,Mesto Trnava,Trnava,neaplikovateľný, nepoužiteľný,medzikrižovatkový,3533A60100,3533F08700,775200,140,,,,TT,TT,,,,,,,,,,,,,
M4954,miestna neurčená,MK,Most,50_236 Most cez zátopové územie pri Ružovej osade,M4954,236,Veľmi zlý,19.8516800000,48.3748,207.44,klenbová,kameň,50.0,121.0,364.0,podľa tabuliek,Záplavové územie,1928,,1,2,7,,10.0,45.0,,,,Ožďany,Obec Ožďany,Rimavská Sobota,neaplikovateľný, nepoužiteľný,medzikrižovatkový,3644B00900,3644E24900,1179480,144,,,,RS-OZ,RS-OZ,,,,,,,,,,,
,miestna neurčená,MK,Dilatačný celok,,,,,,,,,,,,,,,,,,,,,,,,Ožďany,Obec Ožďany,Rimavská Sobota,neaplikovateľný, nepoužiteľný,medzikrižovatkový,3644B00900,3644E24900,1179480,144,,,,RS-OZ,RS-OZ,,,,,,,,,,,,,
M10050,miestna neurčená,MK,Most,Nadjazd nad železnicou na ceste do Vajnor,M10050,M 163,Uspokojivý,17.1990300000,48.19418,130.0,trámová,prefabrikovaný predpätý betón,32.0,80.0,196.0,projektovaná,Železnica,1993,,3,78,,14,5,10.0,5.0,,,Bratislava,Magistrát hl. m. SR Bratislavy,Bratislava III,neaplikovateľný, nepoužiteľný,medzikrižovatkový,4422A00915,4422A02107,531394,151,,,,BA  ,MAG-BA,,,,,,,,,,,
,miestna neurčená,MK,Dilatačný celok,,,,,,,,,,,,,,,,,,,,,,,,Bratislava,Magistrát hl. m. SR Bratislavy,Bratislava III,neaplikovateľný, nepoužiteľný,medzikrižovatkový,4422A00915,4422A02107,531394,151,,,,BA  ,MAG-BA,,,,,,,,,,,,,
M10112,miestna neurčená,MK,Most,Most č.005 na MK v obci Horka cez miestny potok,M10112,5,Uspokojivý,20.3813400000,49.01489,604.0,dosková,monolitický železobetón,0.0,0.0,0.0,(neznámy),Vodný tok,1800,,1,2,28,,,,,,Hôrka,Obec Hôrka,Poprad,neaplikovateľný, nepoužiteľný,medzikrižovatkový,3712E61600,3712E61700,1326645,152,,,,PP-HO,PP-HO,,,,,,,,,,,,
,miestna neurčená,MK,Dilatačný celok,,,,,,,,,,,,,,,,,,,,,,,,Hôrka,Obec Hôrka,Poprad,neaplikovateľný, nepoužiteľný,medzikrižovatkový,3712E61600,3712E61700,1326645,152,,,,PP-HO,PP-HO,,,,,,,,,,,,,
M10115,miestna neurčená,MK,Most,Most č.009 na MK v obci Hôrka ponad miestny potok,M10115,9,Zlý,20.3782300000,49.0143,581.0,dosková,prefabrikovaný železobetón,0.0,0.0,0.0,(neznámy),Vodný tok,1968,,1,3,7,4,8,5.0,16.0,4,,,Hôrka,Obec Hôrka,Poprad,neaplikovateľný, nepoužiteľný,medzikrižovatkový,3712A33800,3712E61500,1326618,161,,,,PP-HO,PP-HO,,,,,,,,,,
,miestna neurčená,MK,Dilatačný celok,,,,,,,,,,,,,,,,,,,,,,,,Hôrka,Obec Hôrka,Poprad,neaplikovateľný, nepoužiteľný,medzikrižovatkový,3712A33800,3712E61500,1326618,161,,,,PP-HO,PP-HO,,,,,,,,,,,,,
M5791,miestna neurčená,MK,Most,Most cez Haluzický potok pri obci Trenčianske Bohuslavice,M5791,2,Zlý,17.8699899870,48.79865557,188.85025,trámová,oceľ -  plnostenná,8.0,11.0,18.0,odhadom,Vodný tok,1920,,1,3,,9,95,9.0,5.0,,,Trenčiansky samosprávny kraj,Správa ciest Trenčianskeho samosprávneho kraja - Stredisko údržby Trenčín,Nové Mesto nad Váhom,neaplikovateľný, nepoužiteľný,medzikrižovatkový,3514E64300,3514A44900,1460901,181,,,,NM-TB,NM-TB,,,,,,,,,,,
,miestna neurčená,MK,Dilatačný celok,,,,,,,,,,,,,,,,,,,,,,,,Trenčiansky samosprávny kraj,Správa ciest Trenčianskeho samosprávneho kraja - Stredisko údržby Trenčín,Nové Mesto nad Váhom,neaplikovateľný, nepoužiteľný,medzikrižovatkový,3514E64300,3514A44900,1460901,181,,,,NM-TB,NM-TB,,,,,,,,,,,,,
M6151,miestna neurčená,MK,Most,2427-10_Most cez potok Vážna v obci Hiadeľ (066042-010),M6151,10,Uspokojivý,19.3147800000,48.81194,477.47,dosková,prefabrikovaný železobetón,21.0,36.0,379.0,odhadom,Vodný tok,1959,,1,3,,5,8,5.0,5.0,,,Banskobystrický samosprávny kraj,Banskobystrická regionálna správa ciest, a.s., Oblasť prevádzky SEVER,Banská Bystrica,neaplikovateľný, nepoužiteľný,medzikrižovatkový,3614F28800,3614F28900,752625,188,,,,BB-HI,BB-HI,,,,,,,,,
,miestna neurčená,MK,Dilatačný celok,,,,,,,,,,,,,,,,,,,,,,,,Banskobystrický samosprávny kraj,Banskobystrická regionálna správa ciest, a.s., Oblasť prevádzky SEVER,Banská Bystrica,neaplikovateľný, nepoužiteľný,medzikrižovatkový,3614F28800,3614F28900,752625,188,,,,BB-HI,BB-HI,,,,,,,,,,,
M9919,miestna neurčená,MK,Most,Most ponad potok Trnávka na Mikovíniho ul. v Trnave,M9919,MO 10/01,Dobrý,17.5923800000,48.3579,140.0,trámová,prefabrikovaný predpätý betón,23.0,50.0,180.0,statický výpočet,Vodný tok,2019,,1,24,79,27,8,5.0,8.0,5,379,35,401,69,Trnava,Mesto Trnava,Trnava,neaplikovateľný, nepoužiteľný,medzikrižovatkový,3533A50605,3533A38400,468923,251,,,,TT,TT,,,,,,,,
,miestna neurčená,MK,Dilatačný celok,,,,,,,,,,,,,,,,,,,,,,,,Trnava,Mesto Trnava,Trnava,neaplikovateľný, nepoužiteľný,medzikrižovatkový,3533A50605,3533A38400,468923,251,,,,TT,TT,,,,,,,,,,,,,
M435,miestna neurčená,MK,Most,2377-1_Most cez potok Osrblianka v obci Hronec (066055-001),M435,1,Uspokojivý,19.5773200000,48.79268,490.095,trámová,monolitický železobetón,5.0,33.0,111.0,odhadom,Vodný tok,1929,,1,7,8,,5,2.0,4.0,6,,,Banskobystrický samosprávny kraj,Banskobystrická regionálna správa ciest, a.s., Oblasť prevádzky SEVER,Brezno,neaplikovateľný, nepoužiteľný,medzikrižovatkový,3623A19900,3623A32800,1474015,259,,,,BR-HR,BR-HR,,,,,,,,
,miestna neurčená,MK,Dilatačný celok,,,,,,,,,,,,,,,,,,,,,,,,Banskobystrický samosprávny kraj,Banskobystrická regionálna správa ciest, a.s., Oblasť prevádzky SEVER,Brezno,neaplikovateľný, nepoužiteľný,medzikrižovatkový,3623A19900,3623A32800,1474015,259,,,,BR-HR,BR-HR,,,,,,,,,,,
M2905,miestna neurčená,MK,Most,Pracovný názov: Most cez potok Trnávka na MK v Trnave,M2905,096B,Zlý,17.5793528010,48.382488119,148.038,,,0.0,0.0,0.0,,Vodný tok,1940,,1,7,,,,,,Trnava,Mesto Trnava,Trnava,neaplikovateľný, nepoužiteľný,medzikrižovatkový,3533A29202,3533A58800,783433,263,,,,TT,TT,,,,,,,,,,,,,
,miestna neurčená,MK,Dilatačný celok,,,,,,,,,,,,,,,,,,,,,,,,Trnava,Mesto Trnava,Trnava,neaplikovateľný, nepoužiteľný,medzikrižovatkový,3533A29202,3533A58800,783433,263,,,,TT,TT,,,,,,,,,,,,,
M9520,miestna neurčená,MK,Most,Cyklomost Devínska Nová Ves - Schlosshof,M9520,,Dobrý,16.9647050000,48.211057,151.88,priehradová,oceľ -  priehradová,1.0,2.0,3.0,projektovaná,"Záplavové územie, Vodný tok, Účelová komunikácia, Kanál, Iná prekážka",2012,LM4,15,525,,4,4,,2100.0,Bratislavský samosprávny kraj,Správa ciest Bratislavského samosprávneho kraja /2/,Bratislava IV,neaplikovateľný, nepoužiteľný,medzikrižovatkový,4421A07400,4421E12900,788784,311,,,,BA-DV,BA-DV,,,,,,,,,,,,,
,miestna neurčená,MK,Dilatačný celok,,,,,,,,,,,,,,,,,  ,  ,,,,,,,,,,Bratislavský samosprávny kraj,Správa ciest Bratislavského samosprávneho kraja /2/,Bratislava IV,neaplikovateľný, nepoužiteľný,medzikrižovatkový,4421A07400,4421E12900,788784,311,,,,BA-DV,BA-DV,,,,,,,,,
M10133,miestna neurčená,MK,Most,Nadjazd nad c. I/59,M10133,077A,Uspokojivý,19.3127600000,49.23208,,trámová,prefabrikovaný predpätý betón,22.0,40.0,0.0,projektovaná,Cestná komunikácia,1983,B,3,51,5,52,5.0,6.0,5,5,,,Štát,Slovenská správa ciest - IVSC Žilina,Dolný Kubín,neaplikovateľný, nepoužiteľný,medzikrižovatkový,2632E29700,2632E29600,926308,339,,,,DK,DK,,,,,,,,,,
,miestna neurčená,MK,Dilatačný celok,,,,,,,,,,,,,,,,,,,,,,,,Štát,Slovenská správa ciest - IVSC Žilina,Dolný Kubín,neaplikovateľný, nepoužiteľný,medzikrižovatkový,2632E29700,2632E29600,926308,339,,,,DK,DK,,,,,,,,,,,,,
M9902,miestna neurčená,MK,Most,Most ponad potok Trnávka v Trnave - Kalvária,M9902,MO 05/01,Zlý,17.5779500000,48.38357,,klenbová,tehla,0.0,0.0,0.0,(neznámy),Vodný tok,1800,,1,7,53,,6,58.0,6.0,58,,,Trnava,Mesto Trnava,Trnava,neaplikovateľný, nepoužiteľný,medzikrižovatkový,3533A60100,3533A58900,804172,380,,,,TT,TT,,,,,,,,,,
,miestna neurčená,MK,Dilatačný celok,,,,,,,,,,,,,,,,,,,,,,,,Trnava,Mesto Trnava,Trnava,neaplikovateľný, nepoužiteľný,medzikrižovatkový,3533A60100,3533A58900,804172,380,,,,TT,TT,,,,,,,,,,,,,
M10110,miestna neurčená,MK,Most,Most č.002 na MK v obci Hôrka ponad miestny potok,M10110,2,Uspokojivý,20.3782900000,49.02578,612.0,dosková,monolitický železobetón,0.0,0.0,0.0,(neznámy),Vodný tok,1800,,1,3,,,6,5.0,,,Hôrka,Obec Hôrka,Poprad,neaplikovateľný, nepoužiteľný,medzikrižovatkový,2734E52100,2734E52200,1326998,385,,,,PP-HO,PP-HO,,,,,,,,,,,,
,miestna neurčená,MK,Dilatačný celok,,,,,,,,,,,,,,,,,,,,,,,,Hôrka,Obec Hôrka,Poprad,neaplikovateľný, nepoužiteľný,medzikrižovatkový,2734E52100,2734E52200,1326998,385,,,,PP-HO,PP-HO,,,,,,,,,,,,,
M9543,miestna neurčená,MK,Most,Most nad traťou ŽSR na MK pri cementárni,M9543,M9543,Uspokojivý,19.1865000000,48.73922,403.0,dosková,monolitický železobetón,32.0,80.0,196.0,projektovaná,Železnica,2012,A,3,35,618,38,18,11.0,825.0,11,825,646,88,606,52,Štát,Via Pribina Operation, a.s.,Banská Bystrica,neaplikovateľný, nepoužiteľný,medzikrižovatkový,3614E82500,3614A06306,744957,1254,,,,BB,BB,,,,,,
,miestna neurčená,MK,Dilatačný celok,,,,,,,,,,,,,,,,,,,,,,,,Štát,Via Pribina Operation, a.s.,Banská Bystrica,neaplikovateľný, nepoužiteľný,medzikrižovatkový,3614E82500,3614A06306,744957,1254,,,,BB,BB,,,,,,,,,,,,
M5986,účelová cesta (UC),UK,Most,2431-2_Most cez potok Bukovec na ramene RC III/066046,M5986,2,Uspokojivý,19.3937000000,48.80448,413.323749,dosková,prefabrikovaný predpätý betón,17.0,35.0,261.0,odhadom,Vodný tok,1950,,1,5,,8,7,5.0,,,Banskobystrický samosprávny kraj,Banskobystrická regionálna správa ciest, a.s., Oblasť prevádzky SEVER,Banská Bystrica,neaplikovateľný, nepoužiteľný,medzikrižovatkový,3623B00700,3623A00902,1474694,0,,,,NEZN,NEZN,,,,,,,,,,
,účelová cesta (UC),UK,Dilatačný celok,,,,,,,,,,,,,,,,,,,,,,,,Banskobystrický samosprávny kraj,Banskobystrická regionálna správa ciest, a.s., Oblasť prevádzky SEVER,Banská Bystrica,neaplikovateľný, nepoužiteľný,medzikrižovatkový,3623B00700,3623A00902,1474694,0,,,,NEZN,NEZN,,,,,,,,,,,
M1130,účelová cesta (UC),UK,Most,066053-008_most cez sútok Čierny Hron a Kamenistú za obcou Hronec,M1130,8,Havarijný,19.5922600000,48.78055,506.0,trámová,oceľ -  plnostenná,0.0,0.0,0.0,(neznámy),Vodný tok,1954,,2,20,,5,35,5.0,5.0,,,Čierny Balog,Obec Čierny Balog,Brezno,neaplikovateľný, nepoužiteľný,medzikrižovatkový,3623A26800,3623E04600,1474698,23,,,,NEZN,NEZN,,,,,,,,,,,
,účelová cesta (UC),UK,Dilatačný celok,,,,,,,,,,,,,,,,,,,,,,,,Čierny Balog,Obec Čierny Balog,Brezno,neaplikovateľný, nepoužiteľný,medzikrižovatkový,3623A26800,3623E04600,1474698,23,,,,NEZN,NEZN,,,,,,,,,,,,,
M10175,účelová cesta (UC),UK,Most,Podjazd pre cyklistov a chodcov pri VIP vjazde,M10175,,Uspokojivý,18.0528100000,48.34776,143.18,rámová,monolitický železobetón,32.0,80.0,196.0,projektovaná,"Účelová komunikácia, Podchod pre chodcov",2018,"LM1,  LM2,  LM3",,,1,5,5,6.0,5.0,16,5,13,5,109,3,95,37,Štát,Slovenská správa ciest - IVSC Bratislava,Nitra,neaplikovateľný, nepoužiteľný,medzikrižovatkový,3543E11003,3543E11812,980192,38,,,,NEZN,NEZN,,,,,
,účelová cesta (UC),UK,Dilatačný celok,,,,,,,,,,,,,,,  ,,,,,,,,,,Štát,Slovenská správa ciest - IVSC Bratislava,Nitra,neaplikovateľný, nepoužiteľný,medzikrižovatkový,3543E11003,3543E11812,980192,38,,,,NEZN,NEZN,,,,,,,,,,,,
M10171,účelová cesta (UC),UK,Most,"Most na komunikácií (obchvat), v km 1.150 nad okružnou križovatkou ""D""",M10171,,Bezchybný,18.0595900000,48.34124,141.59,trámová,prefabrikovaný predpätý betón,32.0,80.0,196.0,projektovaná,Cestná komunikácia,2018,"LM1,  LM2,  LM3",,,4,108,4,111.0,4.0,12,12,1537,32,1550,12,Štát,Slovenská správa ciest - IVSC Bratislava,Nitra,neaplikovateľný, nepoužiteľný,lúč,3543E11805,3543E11804,980193,121,,,,NEZN,NEZN,,,,,,,
,účelová cesta (UC),UK,Dilatačný celok,,,,,,,,,,,,,,,,,,,,,,,,Štát,Slovenská správa ciest - IVSC Bratislava,Nitra,neaplikovateľný, nepoužiteľný,lúč,3543E11805,3543E11804,980193,121,,,,NEZN,NEZN,,,,,,,,,,,,,
M10136,účelová cesta (UC),UK,Most,Most na komunikácií (obchvat),M10136,,Uspokojivý,18.0641300000,48.33948,142.97,trámová,prefabrikovaný predpätý betón,32.0,80.0,196.0,projektovaná,Miestna komunikácia,2018,"LM1,  LM2,  LM3",,,1,28,25.0,30.0,61,10,25,10,25,356,6,339,Štát,Slovenská správa ciest - IVSC Bratislava,Nitra,neaplikovateľný, nepoužiteľný,medzikrižovatkový,3543E11802,4521A18011,980218,165,,,,NEZN,NEZN,,,,,,
,účelová cesta (UC),UK,Dilatačný celok,,,,,,,,,,,,,,,,,,,,,,,,Štát,Slovenská správa ciest - IVSC Bratislava,Nitra,neaplikovateľný, nepoužiteľný,medzikrižovatkový,3543E11802,4521A18011,980218,165,,,,NEZN,NEZN,,,,,,,,,,,,,
M10134,účelová cesta (UC),UK,Most,Most nad preložkou potoka Dobrotka,M10134,,Uspokojivý,18.0689400000,48.33742,139.17,trámová,prefabrikovaný predpätý betón,38.0,80.0,462.0,projektovaná,Vodný tok,2018,"LM1,  LM2,  LM3",1,15,4,25.0,3.0,10,25,10,25,291,6,261,36,,,Štát,Slovenská správa ciest - IVSC Bratislava,Nitra,neaplikovateľný, nepoužiteľný,medzikrižovatkový,4521A18010,3543E11824,980219,272,,,,NEZN,NEZN,,,,,
,účelová cesta (UC),UK,Dilatačný celok,,,,,,,,,,,,,,,,,,,,,,,,Štát,Slovenská správa ciest - IVSC Bratislava,Nitra,neaplikovateľný, nepoužiteľný,medzikrižovatkový,4521A18010,3543E11824,980219,272,,,,NEZN,NEZN,,,,,,,,,,,,,
M10180,účelová cesta (UC),UK,Most,Most cez cez potok Dubová,M10180,,Uspokojivý,17.8172200000,48.60768,,iná,prefabrikovaný predpätý betón,32.0,80.0,196.0,projektovaná,Vodný tok,2007,zaťažovacia trieda A STN 73 6203,1,10,65,12,89,10.0,10.0,,175,Piešťany,Správa a údržba ciest Trnavského samosprávneho kraja - oblasť Trnava,Piešťany,neaplikovateľný, nepoužiteľný,medzikrižovatkový,3532A28900,3532A29000,921390,366,,,,ŽSR,ŽSR,,,,,,,,,,,
,účelová cesta (UC),UK,Dilatačný celok,,,,,,,,,,,,,,,,,,,,,,,,Piešťany,Správa a údržba ciest Trnavského samosprávneho kraja - oblasť Trnava,Piešťany,neaplikovateľný, nepoužiteľný,medzikrižovatkový,3532A28900,3532A29000,921390,366,,,,ŽSR,ŽSR,,,,,,,,,,,,,
M10135,účelová cesta (UC),UK,Most,Podjazd pre cyklistov a SVP pod komunikáciu,M10135,,Uspokojivý,18.0663600000,48.33852,141.89,rámová,monolitický železobetón,34.0,74.0,411.0,projektovaná,Účelová komunikácia,2018,"LM1,  LM2,  LM3",1,6,7,2.0,12.0,5,12,5,191,99,163,33,,,Štát,Slovenská správa ciest - IVSC Bratislava,Nitra,neaplikovateľný, nepoužiteľný,medzikrižovatkový,3543E11802,4521A18011,980218,375,,,,NEZN,NEZN,,,,,,
,účelová cesta (UC),UK,Dilatačný celok,,,,,,,,,,,,,,,,,,,,,,,,Štát,Slovenská správa ciest - IVSC Bratislava,Nitra,neaplikovateľný, nepoužiteľný,medzikrižovatkový,3543E11802,4521A18011,980218,375,,,,NEZN,NEZN,,,,,,,,,,,,,
M10134,účelová cesta (UC),UK,Most,Most nad preložkou potoka Dobrotka,M10134,,Uspokojivý,18.0689400000,48.33742,139.17,trámová,prefabrikovaný predpätý betón,38.0,80.0,462.0,projektovaná,Vodný tok,2018,"LM1,  LM2,  LM3",1,15.4,25.3,10.25,10.25,291.6,261.36,,,,,,,,,Štát,Slovenská správa ciest - IVSC Bratislava,Nitra,neaplikovateľný, nepoužiteľný,medzikrižovatkový,3543E11802,4521A18011,980218,597,,,,NEZN,NEZN,,,,,
,účelová cesta (UC),UK,Dilatačný celok,,,,,,,,,,,,,,,,,,,,,,,,Štát,Slovenská správa ciest - IVSC Bratislava,Nitra,neaplikovateľný, nepoužiteľný,medzikrižovatkový,3543E11802,4521A18011,980218,597,,,,NEZN,NEZN,,,,,,,,,,,,,
M10136,účelová cesta (UC),UK,Most,Most na komunikácií (obchvat),M10136,,Uspokojivý,18.0641300000,48.33948,142.97,trámová,prefabrikovaný predpätý betón,32.0,80.0,196.0,projektovaná,Miestna komunikácia,2018,"LM1,  LM2,  LM3",1,28.25,30.61,10.25,10.25,356.6,339,,,,,,,,Štát,Slovenská správa ciest - IVSC Bratislava,Nitra,neaplikovateľný, nepoužiteľný,medzikrižovatkový,4521A18010,3543E11824,980219,683,,,,NEZN,NEZN,,,,,,
,účelová cesta (UC),UK,Dilatačný celok,,,,,,,,,,,,,,,,,,,,,,,,Štát,Slovenská správa ciest - IVSC Bratislava,Nitra,neaplikovateľný, nepoužiteľný,medzikrižovatkový,4521A18010,3543E11824,980219,683,,,,NEZN,NEZN,,,,,,,,,,,,,
M10217,účelová cesta (UC),UK,Most,66-108A_Most na ceste I/66 ponad poľnú cestu a potok Brezenec,M10217,108A,Dobrý,19.6548000000,48.8006,8.3,trámová,prefabrikovaný predpätý betón,32.0,90.0,300.0,statický výpočet,"Vodný tok, Účelová komunikácia, Iná prekážka, Miestna komunikácia",2023,"LM1,  LM2,  LM3",5,208.24,210.26,9.5,9.5,2417.99,2519.7,,,,,,,,,,,,,,,,,,,,,,,,,,,,
,účelová cesta (UC),UK,Dilatačný celok,,,,,,,,,,,,,,,  ,  ,,,,,,,,Štát,Slovenská správa ciest - IVSC Banská Bystrica,Brezno,neaplikovateľný, nepoužiteľný,medzikrižovatkový,3623A35600,3623A35503,1477914,969,,,,STAT,SSC - IVSC BB,,,,,,,,,,,,,
M10218,účelová cesta (UC),UK,Most,66-108B_Most nad účelovou komunikáciou,M10218,108B,Dobrý,19.6596000000,48.8002,4.85,dosková,monolitický železobetón,32.0,90.0,300.0,statický výpočet,Účelová komunikácia,2023,"LM1,  LM2,  LM3",1,5,6.64,9.5,9.5,76.36,60.5,,,,,,,,,,,,,,,,,,,,,,,,,,,,
,účelová cesta (UC),UK,Dilatačný celok,,,,,,,,,,,,,,,,,,,,,,,,Štát,Slovenská správa ciest - IVSC Banská Bystrica,Brezno,neaplikovateľný, nepoužiteľný,medzikrižovatkový,3623A35600,3623A35503,1477914,1437,,,,STAT,SSC - IVSC BB,,,,,,,,,,,,,
